[{"_id":"642c0985e3ba17f37f774a25","id":"1","qNumber":"Q1","btn_answer":"Show Suggestion","paragraph":"To stay healthy, it’s very important to eat a variety of food, specially fruit and vegetables. It is very important to have good breakfast in the morning. You shouldn’t have sweets every day.Most of our body is water, so it is necessary to drink plenty of water every day. You shouldn’t drink a lot of fizzy drinks because they aren’t good for your health. You shouldn’t watch TV or play on the computer more than one hour a day. To stay healthy, it’s very important to eat a variety of food, specially fruit and vegetables. It is very important to have good breakfast in the morning. You shouldn’t have sweets every day.Most of our body is water, so it is necessary to drink plenty of water every day. You shouldn’t drink a lot of fizzy drinks because they aren’t good for your health. You shouldn’t watch TV or play on the computer more than one hour a day.To stay healthy, it’s very important to eat a variety of food, specially fruit and vegetables. It is very important to have good breakfast in the morning. You shouldn’t have sweets every day.Most of our body is water, so it is necessary to drink plenty of water every day. You shouldn’t drink a lot of fizzy drinks because they aren’t good for your health. You shouldn’t watch TV or play on the computer more than one hour a day.To stay healthy, it’s very important to eat a variety of food, specially fruit and vegetables. It is very important to have good breakfast in the morning. You shouldn’t have sweets every day.Most of our body is water, so it is necessary to drink plenty of water every day. You shouldn’t drink a lot of fizzy drinks because they aren’t good for your health. You shouldn’t watch TV or play on the computer more than one hour a day. To stay healthy, it’s very important to eat a variety of food, specially fruit and vegetables. It is very important to have good breakfast in the morning. You shouldn’t have sweets every day.Most of our body is water, so it is necessary to drink plenty of water every day. You shouldn’t drink a lot of fizzy drinks because they aren’t good for your health. You shouldn’t watch TV or play on the computer more than one hour a day. To stay healthy, it’s very important to eat a variety of food, specially fruit and vegetables. It is very important to have good breakfast in the morning. You shouldn’t have sweets every day.Most of our body is water, so it is necessary to drink plenty of water every day. You shouldn’t drink a lot of fizzy drinks because they aren’t good for your health. You shouldn’t watch TV or play on the computer more than one hour a day.To stay healthy, it’s very important to eat a variety of food, specially fruit and vegetables. It is very important to have good breakfast in the morning. You shouldn’t have sweets every day.Most of our body is water, so it is necessary to drink plenty of water every day. You shouldn’t drink a lot of fizzy drinks because they aren’t good for your health. You shouldn’t watch TV or play on the computer more than one hour a day.To stay healthy, it’s very important to eat a variety of food, specially fruit and vegetables. It is very important to have good breakfast in the morning. You shouldn’t have sweets every day.Most of our body is water, so it is necessary to drink plenty of water every day. You shouldn’t drink a lot of fizzy drinks because they aren’t good for your health. You shouldn’t watch TV or play on the computer more than one hour a day.","questions":[{"id":"1","question":"What’s the main idea of the text?","answers":[{"id":"1","ans_num":"A","answer":"Staying healthy","why":[{"key":"fruit"},{"key":"good breakfast"}]},{"id":"2","ans_num":"B","answer":"Healthy and unhealthy food","why":[{"key":"fruit"}]},{"id":"3","ans_num":"C","answer":"How to be healthy","why":[{"key":"healthy"}]}]},{"id":"2","question":"Summarize the first paragraph in one sentence.","answers":[{"id":"1","ans_num":"A","answer":"Fruit and vegetables are very healthy.","why":[{"key":"play"}]},{"id":"2","ans_num":"B","answer":"Eating variety of food is important.","why":[{"key":"vegetables"}]},{"id":"3","ans_num":"C","answer":"We shouldn’t eat sweets to stay healthy.","why":[{"key":"shouldn’t drink"}]}]},{"id":"3","question":"Summarize the second paragraph in one sentence.","answers":[{"id":"1","ans_num":"A","answer":"Water is very important for our bodies.","why":[]},{"id":"2","ans_num":"B","answer":"Fizzy drinks are very bad for us.","why":[]},{"id":"3","ans_num":"C","answer":"We should watch TV for one hour a day","why":[]}]}],"isChecked":true},{"_id":"642c0985e3ba17f37f774a27","id":"1","qNumber":"Q1","btn_answer":"Show Suggestion","paragraph":"To stay healthy, it’s very important to eat a variety of food, specially fruit and vegetables. It is very important to have good breakfast in the morning. You shouldn’t have sweets every day.Most of our body is water, so it is necessary to drink plenty of water every day. You shouldn’t drink a lot of fizzy drinks because they aren’t good for your health. You shouldn’t watch TV or play on the computer more than one hour a day. To stay healthy, it’s very important to eat a variety of food, specially fruit and vegetables. It is very important to have good breakfast in the morning. You shouldn’t have sweets every day.Most of our body is water, so it is necessary to drink plenty of water every day. You shouldn’t drink a lot of fizzy drinks because they aren’t good for your health. You shouldn’t watch TV or play on the computer more than one hour a day.To stay healthy, it’s very important to eat a variety of food, specially fruit and vegetables. It is very important to have good breakfast in the morning. You shouldn’t have sweets every day.Most of our body is water, so it is necessary to drink plenty of water every day. You shouldn’t drink a lot of fizzy drinks because they aren’t good for your health. You shouldn’t watch TV or play on the computer more than one hour a day.To stay healthy, it’s very important to eat a variety of food, specially fruit and vegetables. It is very important to have good breakfast in the morning. You shouldn’t have sweets every day.Most of our body is water, so it is necessary to drink plenty of water every day. You shouldn’t drink a lot of fizzy drinks because they aren’t good for your health. You shouldn’t watch TV or play on the computer more than one hour a day. To stay healthy, it’s very important to eat a variety of food, specially fruit and vegetables. It is very important to have good breakfast in the morning. You shouldn’t have sweets every day.Most of our body is water, so it is necessary to drink plenty of water every day. You shouldn’t drink a lot of fizzy drinks because they aren’t good for your health. You shouldn’t watch TV or play on the computer more than one hour a day. To stay healthy, it’s very important to eat a variety of food, specially fruit and vegetables. It is very important to have good breakfast in the morning. You shouldn’t have sweets every day.Most of our body is water, so it is necessary to drink plenty of water every day. You shouldn’t drink a lot of fizzy drinks because they aren’t good for your health. You shouldn’t watch TV or play on the computer more than one hour a day.To stay healthy, it’s very important to eat a variety of food, specially fruit and vegetables. It is very important to have good breakfast in the morning. You shouldn’t have sweets every day.Most of our body is water, so it is necessary to drink plenty of water every day. You shouldn’t drink a lot of fizzy drinks because they aren’t good for your health. You shouldn’t watch TV or play on the computer more than one hour a day.To stay healthy, it’s very important to eat a variety of food, specially fruit and vegetables. It is very important to have good breakfast in the morning. You shouldn’t have sweets every day.Most of our body is water, so it is necessary to drink plenty of water every day. You shouldn’t drink a lot of fizzy drinks because they aren’t good for your health. You shouldn’t watch TV or play on the computer more than one hour a day.","questions":[{"id":"1","question":"What’s the main idea of the text?","answers":[{"id":"1","ans_num":"A","answer":"Staying healthy","why":[{"key":"fruit"},{"key":"good breakfast"}]},{"id":"2","ans_num":"B","answer":"Healthy and unhealthy food","why":[{"key":"fruit"}]},{"id":"3","ans_num":"C","answer":"How to be healthy","why":[{"key":"healthy"}]}]},{"id":"2","question":"Summarize the first paragraph in one sentence.","answers":[{"id":"1","ans_num":"A","answer":"Fruit and vegetables are very healthy.","why":[{"key":"play"}]},{"id":"2","ans_num":"B","answer":"Eating variety of food is important.","why":[{"key":"vegetables"}]},{"id":"3","ans_num":"C","answer":"We shouldn’t eat sweets to stay healthy.","why":[{"key":"shouldn’t drink"}]}]},{"id":"3","question":"Summarize the second paragraph in one sentence.","answers":[{"id":"1","ans_num":"A","answer":"Water is very important for our bodies.","why":[]},{"id":"2","ans_num":"B","answer":"Fizzy drinks are very bad for us.","why":[]},{"id":"3","ans_num":"C","answer":"We should watch TV for one hour a day","why":[]}]}],"isChecked":true}]